Link,Description
https://dte.rajasthan.gov.in/assets/docs/About_us/Contact%20Persons%20DTE.pdf,
https://dte.rajasthan.gov.in/assets/docs/About_us/Complete%20Prativedan%202023-24.pdf,Annual Progess Report 2023-24
https://dte.rajasthan.gov.in/assets/docs/Emp_Crnr/Emp%20Transfer%20Policy.pdf,Emp. Transfer Policy
https://dte.rajasthan.gov.in/assets/docs/Admission/FirstYearEngg/7832.pdf,Last date of Direct admission at Institute level for First year (Engineering) for Govt. and Pvt. Polytechnic Colleges is Extended from 27-08-2024 to 31-08-2024
https://dte.rajasthan.gov.in/assets/docs/Admission/Lateral/Date Extend.pdf,Last date of Direct admission at Institute level for II year (Lateral entry) for Govt. and Pvt. Polytechnic Colleges is Extended from 23-08-2024 to 27-08-2024
https://dte.rajasthan.gov.in/assets/docs/Admission/Lateral/Notification.pdf,Notification for the Lateral for Admission 2024-25
https://dte.rajasthan.gov.in/assets/docs/Admission/FirstYearEngg/VIGAPTI%202024-25.pdf,Notification for the First Year Engg for Admission 2024-25
https://dte.rajasthan.gov.in/assets/docs/Admission/FirstYearNonEngg/Vigyapti%20Non-Engg2024-25.pdf,Notification for the First Year Non-Enng Admission 2024-25
https://dte.rajasthan.gov.in/assets/docs/Circular/NOC.pdf,State Govt. NOC Policy 2023-24
https://dte.rajasthan.gov.in/assets/docs/Circular/NOCPolicy.pdf,State Govt. NOC Policy
https://dte.rajasthan.gov.in/assets/docs/Circular/MBC_July2018.pdf,1% Reservation for MBC
https://dte.rajasthan.gov.in/assets/docs/Circular/BeanchMarkDisability.pdf,5% Reservation for Benchmark Disabilities
https://dte.rajasthan.gov.in/assets/docs/Circular/FeeCommittee.pdf,"Proposed Fee Structure 2017-18, 2018-19 & 2019-2020"
https://dte.rajasthan.gov.in/assets/docs/Circular/KM_order.pdf,Concession for the ward of Kashmiri Migrates for admission
https://dte.rajasthan.gov.in/assets/docs/Circular/TSP_Rservation_order.pdf,Circular for Reservation in Polytechnics for TSP Area candidates
https://dte.rajasthan.gov.in/assets/docs/Circular/Court_case_Circular.pdf,Circular for Court Cases Compliance
https://dte.rajasthan.gov.in/assets/docs/Circular/SpecialyAbledPersons.pdf,Circular for specially abled persons
https://dte.rajasthan.gov.in/assets/docs/Circular/Aishe.pdf,All India Survey of Higher Education (AISHE)
https://dte.rajasthan.gov.in/assets/docs/Circular/notice-3-9-2012.pdf,Circular for Applying branches at AICTE portal
https://dte.rajasthan.gov.in/assets/docs/Circular/Notice-14-9-2012.pdf,Formation of Grievance Redressal
https://dte.rajasthan.gov.in/assets/docs/Circular/Education_Tour.pdf,Educational Tour Permission
https://dte.rajasthan.gov.in/assets/docs/Estt/New Policy 2024.pdf,New Policy 2024 for Pursuing Higher Study
https://dte.rajasthan.gov.in/assets/docs/Estt/CAS%202024.pdf,CAS (Non-Engg.) VI Pay Scale Order
https://dte.rajasthan.gov.in/assets/docs/Estt/Roster of Personnel.pdf,Roster of Personnel
https://dte.rajasthan.gov.in/assets/docs/Estt/CAS_12Dec2017.pdf,Order Regarding CAS [12 Dec. 2017]
https://dte.rajasthan.gov.in/assets/docs/Estt/casorder.pdf,"CAS for the Lecturers, Librarians & PTI Polytechnic Colleges (Engg.) under VI Pay Scales (Dtd. 05.12.2017)"
https://dte.rajasthan.gov.in/assets/docs/Estt/Deptt_Manual_Poly.pdf,Department Manual for Polytechnics
https://dte.rajasthan.gov.in/assets/docs/Estt/New%20Education%20Policy%20.pdf,Policy of Higher Study leave for Colleges
https://dte.rajasthan.gov.in/assets/docs/Estt/Amendment.pdf,Policy of Higher Study leave for Colleges (Amendment on 04-05-2022)
https://dte.rajasthan.gov.in/assets/docs/Estt/Principal_non_egg.pdf,Non Engg. Officer's DPC Order |Principal
https://dte.rajasthan.gov.in/assets/docs/Estt/HOD_Non_engg.pdf,HOD
https://dte.rajasthan.gov.in/assets/docs/Estt/Sr_Lect_non_engg.pdf,Sr. Lecturer
https://dte.rajasthan.gov.in/assets/docs/Rules/202304130406421967902Tech.Edu.2010pdf24_merged.pdf,"Rajasthan Technical Education (Engineering) Rules, 2010"
https://dte.rajasthan.gov.in/assets/docs/Rules/202303160348352548856TechnicalEdu.(Non-Eng.)2010_merged.pdf,"Rajasthan Technical Education (Non-Engineering) Rules, 2010"
https://dte.rajasthan.gov.in/assets/docs/Rules/202309180426584562615Technical1973_merged.pdf,"Rajasthan Technical Education Subordinate Service Rules, 1973"
https://dte.rajasthan.gov.in/assets/docs/Rules/Rule_SFS_course.pdf,Rules for Implementation & Management of Self Finance Courses in Govt. Polytechnics
https://dte.rajasthan.gov.in/assets/docs/Rules/Rule_Space.pdf,Scheme for Providing Facility of Space in Govt. Polytechnics to Pvt. Sector for Educational/Trg. Purpose
https://dte.rajasthan.gov.in/assets/docs/Rules/Play_ground.pdf,Rules for Providing Play Grounds & Buildings of Govt. Polytechnics to Pvt. Sector for Educational & Social Activities
https://dte.rajasthan.gov.in/assets/docs/Rules/IDFrule2011.pdf,IDF Rules - 2011
https://dte.rajasthan.gov.in/assets/docs/Rules/NGFrules2011.pdf,NGF Rules - 2011
https://dte.rajasthan.gov.in/assets/docs/Rules/Sampark_Insp-performa.pdf,Inspection Performa for Sampark Portal
https://dte.rajasthan.gov.in/assets/docs/Roster/Roster.pdf,Establishment Officer (As on 01-04-2024)
https://dte.rajasthan.gov.in/assets/docs/Roster/Roster_001.pdf,Establishment Officer (After Cadre Restructuring)
https://dte.rajasthan.gov.in/assets/docs/Roster/Roster_002.pdf,Administrative Officer (As on 01-04-2024)
https://dte.rajasthan.gov.in/assets/docs/Roster/Roster_003.pdf,Administrative Officer(After Cadre Restructuring)
https://dte.rajasthan.gov.in/assets/docs/Roster/Roster_004.pdf,Private Secretary
https://dte.rajasthan.gov.in/assets/docs/Roster/Roster_005.pdf,Additional Private Secretary
https://dte.rajasthan.gov.in/assets/docs/Roster/Roster_006.pdf,Personal Assistant Grade-I
https://dte.rajasthan.gov.in/assets/docs/Roster/Roster%20of%20personnel.pdf,Roster Of Personnel
https://dte.rajasthan.gov.in/assets/docs/Tender/Bid website.pdf,Tender for Mechanical Lab Items (UBN No.TED2425GLOB00010)
https://dte.rajasthan.gov.in/assets/docs/Tender/TENDER.pdf,Tender for Stationary (UBN No.TED2425GSLB00008)
https://dte.rajasthan.gov.in/assets/docs/Tender/MT.pdf,GEM/2024/B/4682639
https://dte.rajasthan.gov.in/assets/docs/Tender/CHEMICAL.pdf,GEM/2023/B/4321235
https://dte.rajasthan.gov.in/assets/docs/Tender/MECHANICAL.pdf,GEM/2023/B/4321215
https://dte.rajasthan.gov.in/assets/docs/Tender/GeM-Bidding-5424894.pdf,GEM/2023/B/4052555
https://dte.rajasthan.gov.in/assets/docs/Tender/GeM-Bidding-5426025.pdf,GEM/2023/B/4053594
https://dte.rajasthan.gov.in/assets/docs/Tender/GeM-Bidding-5426056.pdf,GEM/2023/B/4053624
https://dte.rajasthan.gov.in/assets/docs/Tender/GeM-Bidding-5426086.pdf,GEM/2023/B/4053651
https://dte.rajasthan.gov.in/assets/docs/Tender/Chemical.pdf,GEM/2023/B/4015201
https://dte.rajasthan.gov.in/assets/docs/Tender/Electrical.pdf,GEM/2023/B/4000562
https://dte.rajasthan.gov.in/assets/docs/Tender/Electronics.pdf,GEM/2023/B/3994603
https://dte.rajasthan.gov.in/assets/docs/Tender/Civil.pdf,GEM/2023/B/4002140
https://dte.rajasthan.gov.in/assets/docs/Tender/Computers.pdf,GEM/2023/B/4009033
https://dte.rajasthan.gov.in/assets/docs/Tender/Mechanical.pdf,GEM/2023/B/4000613
https://dte.rajasthan.gov.in/assets/docs/Tender/ICT%20Lab.pdf,GEM/2023/B/4008318
https://dte.rajasthan.gov.in/assets/docs/Tender/Store.pdf,NIT no. 2023_24/01
https://dte.rajasthan.gov.in/assets/docs/Std_Crnr/College Transfer.pdf,Student College Transfer Order
https://dte.rajasthan.gov.in/assets/docs/Std_Crnr/Branch Change 2024-25.pdf,Branch Change Order
https://dte.rajasthan.gov.in/assets/docs/Std_Crnr/Reservation%20of%20Women.pdf,Amendment in Reservation of Women Admission
https://dte.rajasthan.gov.in/assets/docs/Std_Crnr/CamScanner%2008-03-2023%2015.06.pdf,Fee Related Office Order No.215
https://dte.rajasthan.gov.in/assets/docs/Std_Crnr/Fee%20Order%202023.pdf,Fee Related Office Order No. 158
https://dte.rajasthan.gov.in/assets/docs/Std_Crnr/New Fees Structure.pdf,Proposal for New Fees Structure - Last Date 15-05-2023
https://dte.rajasthan.gov.in/assets/docs/Std_Crnr/Gandhi%20Ji.pdf,Mahatma Gandhi Jayanti (2022-2023)
https://dte.rajasthan.gov.in/assets/docs/Std_Crnr/Feerelated.pdf,Extension of date  for submitting document to  fee committee
https://dte.rajasthan.gov.in/assets/docs/Office_Order/Fee_Structure_Two.pdf,Fee Related Office Order No. 3626
https://dte.rajasthan.gov.in/assets/docs/Office_Order/Fee_Structure_One.pdf,Fee Related Office Order No. 3625
https://dte.rajasthan.gov.in/assets/docs/Std_crnr/Stu_25.pdf,Students Transfer Policy
https://dte.rajasthan.gov.in/assets/docs/Std_crnr/Equilancy.pdf,Circular for 12th Equivalency after Diploma
https://dte.rajasthan.gov.in/assets/docs/Std_crnr/student_attendance.pdf,Circular for Student Attendance
https://dte.rajasthan.gov.in/assets/docs/Std_crnr/Scholarship_fmt.pdf,Latest Scholarship Format
https://dte.rajasthan.gov.in/assets/docs/Std_crnr/Scholarship_PWD.pdf,Scholarship for PWD Candidates
https://dte.rajasthan.gov.in/assets/docs/Std_crnr/StudentSIPolicy.pdf,Students Insurance Policy
https://dte.rajasthan.gov.in/assets/docs/RTI/Handbook%20RTI.pdf,Information Handbook
https://dte.rajasthan.gov.in/assets/docs/NOC/NOC Notification.pdf,Reopen NOC Notification
https://dte.rajasthan.gov.in/assets/docs/NOC/NOC Portal.pdf,Reopen NOC Portal from 21-08-2024 to 27-08-2024
https://dte.rajasthan.gov.in/assets/docs/NOC/Amendment%20in%20DTE%20NOC%20policy%202023-24.pdf,Amendment in DTE NOC policy 2023-24
https://dte.rajasthan.gov.in/assets/docs/NOC/1366.pdf,Date Extended for NOC 2024-25
https://dte.rajasthan.gov.in/assets/docs/NOC/Updated%20Final%20NOC%20Policy.pdf,State Govt. NOC Policy 2023-24
https://dte.rajasthan.gov.in/assets/docs/NOC/1084.pdf,Date Extended for NOC 2024-25
https://dte.rajasthan.gov.in/assets/docs/NOC/Affidavit.pdf,Affidavit
https://dte.rajasthan.gov.in/assets/docs/NOC/Instructions.pdf,General Instructions
https://dte.rajasthan.gov.in/assets/docs/NOC/UserManualforNewInstitute.pdf,User Manual for New Institute
https://dte.rajasthan.gov.in/assets/docs/NOC/UserManualforExistingInstitute.pdf,User Manual for Existing Institute
https://dte.rajasthan.gov.in/assets/docs/Admission/FirstYearEngg/1st Yr. Engg.pdf,Second Phase for Direct Admission from 02-09-24 to 06-09-2024 (Admission 2024-25)
https://dte.rajasthan.gov.in/assets/docs/Admission/FirstYearEngg/TENTATIVE VACANT SEATS FOR DIRECT ADMISSION.pdf,Tentative Vacant Seats for Direct Admission (Admission 2024-25)
https://dte.rajasthan.gov.in/assets/docs/Admission/FirstYearEngg/Direct Admission Form 2024-25.pdf,Direct Admission Form (Admission 2024-25)
https://dte.rajasthan.gov.in/assets/docs/Admission/FirstYearEngg/Direct Admission.pdf,Direct Admission on Institution Level (Admission 2024-25)
https://dte.rajasthan.gov.in/assets/docs/Admission/FirstYearEngg/Date Extend.pdf,Date Extend for Reporting(Admission 2024-25)
https://dte.rajasthan.gov.in/assets/docs/Admission/FirstYearEngg/Confirm%20reported%20in%20First%20and%20Second%20allotment.pdf,Confirm reported in First and Second allotment(Admission 2024-25)
https://dte.rajasthan.gov.in/assets/docs/Admission/FirstYearEngg/Internal%20sliding_FORM.pdf,Internal SLiding Form(Admission 2024-25)
https://dte.rajasthan.gov.in/assets/docs/Admission/FirstYearEngg/Final%20Merit%20List-Polytechnic%20Diploma%20First%20Year%20(%20Engineering-Courses)%202024-25.pdf,Final Merit List-Polytechnic Diploma First Year(Admission 2024-25)
https://dte.rajasthan.gov.in/assets/docs/Admission/FirstYearEngg/Provisional%20Merit%20List-Polytechnic%20Diploma%20First%20Year%20(%20Engineering-Courses)%202024-25.pdf,Provisional Merit List-Polytechnic Diploma First Year(Admission 2024-25)
https://dte.rajasthan.gov.in/assets/docs/Admission/FirstYearEngg/List%20of%20Rejected%20Applications%202024-25.pdf,List of Rejected Applications(Admission 2024-25)
https://dte.rajasthan.gov.in/assets/docs/Admission/FirstYearEngg/calender%202024-25.pdf,Calender (Admission 2024-25)
https://dte.rajasthan.gov.in/assets/docs/Admission/FirstYearEngg/Annexures%202024-25.pdf,Annexure(Admission 2024-25)
https://dte.rajasthan.gov.in/assets/docs/Admission/FirstYearEngg/SEAT MATRIX 2024-25.pdf,Seat Matrix(Admission 2024-25)
https://dte.rajasthan.gov.in/assets/docs/Admission/FirstYearEngg/VIVERINIKA%201st%20YEAR%20Engg.%202024-25.pdf,Booklet(Admission 2024-25)
https://dte.rajasthan.gov.in/assets/docs/Admission/FirstYearEngg/Cordinater engg.pdf,Coordinator Order (Admission 2024-25)
https://dte.rajasthan.gov.in/assets/docs/Admission/User%20Manual%20for%20Admission%20Process%20(For%20Eng.).pdf,User Manual (Admission 2024-25)
https://dte.rajasthan.gov.in/assets/docs/Admission/Lateral/Lateral Date Extend.pdf,Date Extend Second Phase for Direct Admission from 06-09-24 to 12-09-2024 (Admission 2024-25)
https://dte.rajasthan.gov.in/assets/docs/Admission/Lateral/Lateral Entry.pdf,Second Phase for Direct Admission from 02-09-24 to 06-09-2024 (Admission 2024-25)
https://dte.rajasthan.gov.in/assets/docs/Admission/Lateral/Tentative Vacant Seat (Round-1) for Direct Admission.pdf,Tentative Vacant Seat (Round-1) for Direct Admission (Admission 2024-25)
https://dte.rajasthan.gov.in/assets/docs/Admission/Lateral/Direct Admission Form 2024-25.pdf,Direct Admission Form (Admission 2024-25)
https://dte.rajasthan.gov.in/assets/docs/Admission/Lateral/College Level Reporting for final Admission.pdf,College Level Reporting for final Admission (Admission 2024-25)
https://dte.rajasthan.gov.in/assets/docs/Admission/Lateral/2024-07-24--2nd%20allotment%20(for%20Portal).pdf,Second Allotment List(Admission 2024-25)
https://dte.rajasthan.gov.in/assets/docs/Admission/Lateral/Applied for Upward.pdf,Upward Movement List(Admission 2024-25)
https://dte.rajasthan.gov.in/assets/docs/Admission/Lateral/Diploma%20Lateral%20Admission%202024-25%20(First%20Allotment)%20(1).pdf,First Allotment List(Admission 2024-25)
https://dte.rajasthan.gov.in/assets/docs/Admission/Lateral/Lateral%20General%20Merit%20List%20(Final)%20Sorted%20by%20Appl%20ID%202024.pdf,Final Merit List(Admission 2024-25)
https://dte.rajasthan.gov.in/assets/docs/Admission/Lateral/Lateral%20Entry%20Admission%202024-25%20Rejected%20List%202024.pdf,Rejected Applicant List(Admission 2024-25)
https://dte.rajasthan.gov.in/assets/docs/Admission/Lateral/Cordinater Lateral Entry.pdf,Coordinator Order (Admission 2024-25)
https://dte.rajasthan.gov.in/assets/docs/Admission/Lateral/VIVRANIKA.pdf,Booklet (Admission 2024-25)
https://dte.rajasthan.gov.in/assets/docs/Admission/Lateral/ANX. 2024-25.pdf,Annexure (Admission 2024-25)
https://dte.rajasthan.gov.in/assets/docs/Admission/Lateral/CALENDER.pdf,Calender (Admission 2024-25)
https://dte.rajasthan.gov.in/assets/docs/Admission/Lateral/sheet matrix.pdf,Seat Matrix (Admission 2024-25)
https://dte.rajasthan.gov.in/assets/docs/Admission/FirstYearNonEngg/1st Yr. Non-Engg.pdf,Second Phase for Direrct Admission from 02-09-2024 to 06-09-2024 (Admission 2024-25)
https://dte.rajasthan.gov.in/assets/docs/Admission/FirstYearNonEngg/Main_form_ for Direct admission.pdf,Form for Direrct Admission (Admission 2024-25)
https://dte.rajasthan.gov.in/assets/docs/Admission/FirstYearNonEngg/VACANT SEATS FOR DIRECT ADMISSION DIPLOMA NON-ENGG FIRST YEAR 2024-25.pdf,Vacant Seats for Direrct Admission (Admission 2024-25)
https://dte.rajasthan.gov.in/assets/docs/Admission/FirstYearNonEngg/Direct Admission.pdf,Direct Admission on Institution Level (Admission 2024-25)
https://dte.rajasthan.gov.in/assets/docs/Admission/FirstYearNonEngg/For%20DTE%20WebSite%202nd%20Allotment%20Diploma%20Non-Engg%20First%20Year%202024-25.pdf,Second Allotment List (Admission 2024-25)
https://dte.rajasthan.gov.in/assets/docs/Admission/FirstYearNonEngg/Applied%20Upward%20Diploma%20Non-Engg%202024-25.pdf,Upward Movement List (Admission 2024-25)
https://dte.rajasthan.gov.in/assets/docs/Admission/FirstYearNonEngg/DTE%20First%20Allotment%20Diploma%20Non-Engg%202024-25.pdf,First Allotment List (Admission 2024-25)
https://dte.rajasthan.gov.in/assets/docs/Admission/FirstYearNonEngg/FINAL MERIT DIPLOMA NON-ENGINEERING FIRST YEAR 2024-25.pdf,Final Merit List (Admission 2024-25)
https://dte.rajasthan.gov.in/assets/docs/Admission/FirstYearNonEngg/PROVISIONAL MERIT.pdf,Provisional Merit List (Admission 2024-25)
https://dte.rajasthan.gov.in/assets/docs/Admission/FirstYearNonEngg/REJECTED APPLICATION.pdf,Rejected Applications (Admission 2024-25)
https://dte.rajasthan.gov.in/assets/docs/Admission/FirstYearNonEngg/Cordinater Non engg.pdf,Coordinator Order (Admission 2024-25)
https://dte.rajasthan.gov.in/assets/docs/Admission/FirstYearNonEngg/BOOKLET%20NE%202024-25.pdf,Booklet (Admission 2024-25)
https://dte.rajasthan.gov.in/assets/docs/Admission/FirstYearNonEngg/Annexures%202024-25.pdf,Annexure (Admission 2024-25)
https://dte.rajasthan.gov.in/assets/docs/Admission/FirstYearNonEngg/CALENDER%202024-25%20(1).pdf,Calender (Admission 2024-25)
https://dte.rajasthan.gov.in/assets/docs/Admission/FirstYearNonEngg/Seat%20Matrix%201st%20Year%20(Non%20Engg.)%202024-25.pdf,Seat Matrix (Admission 2024-25)
https://dte.rajasthan.gov.in/assets/docs/Admission/User%20Manual%20for%20Admission%20Process%20(For%20Non-Eng.).pdf,User Manual (Admission 2024-25)
https://dte.rajasthan.gov.in/assets/docs/Admission/Graduate/FINAL MERIT.pdf,Final Merit List (NEAP 2024)
https://dte.rajasthan.gov.in/assets/docs/Admission/Graduate/ALLOTMENT LIST.pdf,Allotment List (NEAP 2024)
https://dte.rajasthan.gov.in/assets/docs/Admission/Graduate/provisional merit.pdf,Provisional Merit List (NEAP 2024)
https://dte.rajasthan.gov.in/assets/docs/Admission/Graduate/Advertisement.pdf,Advertisement
https://dte.rajasthan.gov.in/assets/docs/Admission/Graduate/Admission Booklet.pdf,NEAP 2024 Booklet
https://dte.rajasthan.gov.in/assets/docs/Admission/Graduate/Schedule.pdf,Schedule
https://dte.rajasthan.gov.in/assets/docs/Admission/Graduate/Calender%20(Admission%202023-24).pdf,Calender for Graduate Course (Non Engineering First Year)Direct Admission (Re-Open)
https://dte.rajasthan.gov.in/assets/docs/Admission/vacant seats (1).pdf,Tentative Vacant Seats for Direct Admission (Admission 2023-24)
https://dte.rajasthan.gov.in/assets/docs/Emp_Crnr/Transfer_order/Polytechnic Transfer New.pdf,Transfer List (Gazetted)
https://dte.rajasthan.gov.in/assets/docs/Emp_Crnr/Transfer_order/Gazastted 2.pdf,Transfer List (Gazetted)
https://dte.rajasthan.gov.in/assets/docs/Emp_Crnr/Transfer_order/Gazastted 1.pdf,Transfer List (Gazetted)
https://dte.rajasthan.gov.in/assets/docs/Emp_Crnr/Transfer_order/Non-gazastted DTE.pdf,Transfer List (Non-Gazetted)
https://dte.rajasthan.gov.in/assets/docs/Emp_Crnr/Transfer_order/TETransfer13.1.23.pdf,Transfer List (TE)
https://dte.rajasthan.gov.in/assets/docs/Emp_Crnr/Transfer_order/NG%20(1).pdf,Transfer List (Non-Gazetted)
https://dte.rajasthan.gov.in/assets/docs/Emp_Crnr/Transfer_order/Transfer%20list.pdf,Transfer List (Non-Gazetted)
https://dte.rajasthan.gov.in/assets/docs/Emp_Crnr/Transfer_order/transfer%20order.pdf,Transfer Order Lecturer(Electrical)
https://dte.rajasthan.gov.in/assets/docs/Emp_Crnr/Transfer_order/Transfer Order (Gazetted).pdf,Transfer Order (Gazetted)
https://dte.rajasthan.gov.in/assets/docs/Emp_Crnr/Transfer_order/Transfer Order (Non-Gazetted).PDF,Transfer Order (Non-Gazetted)
https://dte.rajasthan.gov.in/assets/docs/Emp_Crnr/Transfer_order/transfer order 1.pdf,Transfer Orders-1
https://dte.rajasthan.gov.in/assets/docs/Emp_Crnr/Transfer_order/transfer order 2.pdf,Transfer Orders-2
https://dte.rajasthan.gov.in/assets/docs/Emp_Crnr/Transfer_order/transfer order 3.pdf,Transfer Orders-3
https://dte.rajasthan.gov.in/assets/docs/Emp_Crnr/Transfer_order/transfer order 4.pdf,Transfer Orders-4
https://dte.rajasthan.gov.in/assets/docs/Emp_Crnr/Transfer.pdf,Application For Transfer
https://dte.rajasthan.gov.in/assets/docs/Emp_Crnr/Transfer_order/Order_29-10-19.pdf,Gazetted Officer's Transfer Order
https://dte.rajasthan.gov.in/assets/docs/Emp_Crnr/Transfer_order/Corrg_GZorder29092019.pdf,Corrigendum of Gazetted Officers Order
https://dte.rajasthan.gov.in/assets/docs/Emp_Crnr/Transfer_order/NG_order_29092019.pdf,Non Gazetted Staff Transfer Order
https://dte.rajasthan.gov.in/assets/docs/Emp_Crnr/Transfer_order/Order_29092019.pdf,Gazetted Officer's Transfer Order
https://dte.rajasthan.gov.in/assets/docs/Emp_Crnr/Transfer_order/Trans_082019.pdf,Lecturer (Electronics) Transfer Order
https://dte.rajasthan.gov.in/assets/docs/Emp_Crnr/Transfer_order/order_090319.pdf,Lecturer Transfer Orders-1
https://dte.rajasthan.gov.in/assets/docs/Emp_Crnr/Transfer_order/cori_080319.pdf,Corrigendum Transfer Orders
https://dte.rajasthan.gov.in/assets/docs/Emp_Crnr/Transfer_order/order_100319.pdf,Lecturer Transfer Orders
https://dte.rajasthan.gov.in/assets/docs/Emp_Crnr/Transfer_order/Order_080319.pdf,Officer's - Various Transfer Orders
https://dte.rajasthan.gov.in/assets/docs/Emp_Crnr/Sr_list/Jr Asst.(Non TSP).pdf,Provisional Seniority List of Jr. Assistant (Non-TSP)as on 01.04.2024
https://dte.rajasthan.gov.in/assets/docs/Emp_Crnr/Sr_list/prov. Sr Asst.pdf,Provisional Seniority List of Sr. Assistant as on 01.04.2024
https://dte.rajasthan.gov.in/assets/docs/Emp_Crnr/Sr_list/Technician.pdf,Provisional Seniority List of Technician as on 01.04.2024
https://dte.rajasthan.gov.in/assets/docs/Emp_Crnr/Sr_list/Draftman.pdf,Final Seniority List of Draftmen as on 01.04.2024
https://dte.rajasthan.gov.in/assets/docs/Emp_Crnr/Sr_list/7041-45.pdf,Final Seniority List of Asst. Administrative Officer as on 01.04.2024
https://dte.rajasthan.gov.in/assets/docs/Emp_Crnr/Sr_list/6578.pdf,Seniority List of Asst. Administrative Officer as on 01.04.2024
https://dte.rajasthan.gov.in/assets/docs/Emp_Crnr/Sr_list/6014.pdf,Seniority List of Lab Assistant as on 01.04.2024
https://dte.rajasthan.gov.in/assets/docs/Emp_Crnr/Sr_list/P.Asst.Final%202024.pdf,Final Seniority List of Personal Assistant Grade- II as on 01.04.2024
https://dte.rajasthan.gov.in/assets/docs/Emp_Crnr/Sr_list/Final%20Add%20Admimistration%20Officer%202024.pdf,Final Seniority List of  Additional Aministration Officer as on 01.04.2024
https://dte.rajasthan.gov.in/assets/docs/Emp_Crnr/Sr_list/Admin%20officer%202024.pdf,Final Seniority List of Administration Officer as on 01.04.2024
https://dte.rajasthan.gov.in/assets/docs/Emp_Crnr/Sr_list/Seniority%20List%202024.pdf,Provisional Seniority List of Principal/Joint Director as on 01.04.2024
https://dte.rajasthan.gov.in/assets/docs/Emp_Crnr/Sr_list/Personal%20ASSt.%20Grd-I%202024.pdf,Final Seniority List of Personal Assistant Grade- I as on 01.04.2024
https://dte.rajasthan.gov.in/assets/docs/Emp_Crnr/Sr_list/Addi.%20Private%20Secretary%202024.pdf,Final Seniority List of Additional Private Secretary as on 01.04.2024
https://dte.rajasthan.gov.in/assets/docs/Emp_Crnr/Sr_list/Esst.%20Officer%202024.pdf,Final Seniority List of Establishment  Officer as on 01.04.2024
https://dte.rajasthan.gov.in/assets/docs/Emp_Crnr/Sr_list/Fourth%20Class%20Seniority%20List%202024.pdf,Final Seniority List of Fourth Class Staff as on 01.04.2023
https://dte.rajasthan.gov.in/assets/docs/Emp_Crnr/Sr_list/final%20sr.%20list%20of%20technician.pdf,Final Seniority List of Technician as on 01.04.2023
https://dte.rajasthan.gov.in/assets/docs/Emp_Crnr/Sr_list/Seniority%20list%20%20Senior%20Asst.pdf,Final Seniority List of Senior Assistant as on 01.04.2023
https://dte.rajasthan.gov.in/assets/docs/Emp_Crnr/Sr_list/TSP.pdf,Seniority List of Junior Assistant (TSP) as on 01.04.2023
https://dte.rajasthan.gov.in/assets/docs/Emp_Crnr/Sr_list/Non-TSP.pdf,Seniority List of Junior Assistant (Non-TSP) as on 01.04.2023
https://dte.rajasthan.gov.in/assets/docs/Emp_Crnr/Sr_list/SENIORITY%20LIST%20CLASS%20IV%20AS%20ON%2001-04-2023.pdf,Provisional Seniority List of IV Class as on 01.04.2023
https://dte.rajasthan.gov.in/assets/docs/Emp_Crnr/Sr_list/SENIORITY%20LIST%20JR.ASSISTANT%20(NTSP)%20AS%20ON%2001-04-2023.pdf,Provisional Seniority List of Jr. Assistant (NTSP) as on 01.04.2023
https://dte.rajasthan.gov.in/assets/docs/Emp_Crnr/Sr_list/SENIORITY%20LIST%20JR.ASSISTANT%20(TSP)AS%20ON%2001.04.2023%20.pdf,Provisional Seniority List of Jr. Assistant (TSP) as on 01.04.2023
https://dte.rajasthan.gov.in/assets/docs/Emp_Crnr/Sr_list/Ast%20Admin%20Officer%202023-24.pdf,Final Seniority List of  Assistant Administrative Officer as on 01.04.2023
https://dte.rajasthan.gov.in/assets/docs/Emp_Crnr/Sr_list/Asst.%20Director%202023-24%20.pdf,Seniority List of Assistant Director as on 01.04.2023
https://dte.rajasthan.gov.in/assets/docs/Emp_Crnr/Sr_list/Addl.%20Admin%20Officer%20Final.pdf,Final Seniority List of Additional Administrative Officer as on 01.04.2023
https://dte.rajasthan.gov.in/assets/docs/Emp_Crnr/Sr_list/Seniority%20list%20of%20lab%20assistant.pdf,Final Seniority List of Lab Assistant as on 01.04.2023
https://dte.rajasthan.gov.in/assets/docs/Emp_Crnr/Sr_list/Seniority%20list%20of%20Draftsman.pdf,Final Seniority List of Draftman as on 01.04.2023
https://dte.rajasthan.gov.in/assets/docs/Emp_Crnr/Sr_list/PrincipalJoint%20dir.pdf,Seniority List of Principal/Joint Director(Provisional) as on 01.04.2023
https://dte.rajasthan.gov.in/assets/docs/Emp_Crnr/Sr_list/Add.%20senior%20Asst%202023.pdf,Seniority List of Additional Personal Assistant as on 01.04.2023
https://dte.rajasthan.gov.in/assets/docs/Emp_Crnr/Sr_list/Personal%20Asst.%20Grade%20II.pdf,Seniority List of Personal Assistant Grade-II as on 01.04.2023
https://dte.rajasthan.gov.in/assets/docs/Emp_Crnr/Sr_list/Senior%20Asst.pdf,Seniority List of Senior Assistant (Provisional) as on 01.04.2023
https://dte.rajasthan.gov.in/assets/docs/Emp_Crnr/Sr_list/Personal%20Asst.%20grade%20I%20(Final).pdf,Seniority List of Personal Assistant Grade-I (Final) as on 01.04.2023
https://dte.rajasthan.gov.in/assets/docs/Emp_Crnr/Sr_list/Admin%20officer.pdf,Seniority List of Administrative Officer as on 01.04.2023
https://dte.rajasthan.gov.in/assets/docs/Emp_Crnr/Sr_list/Posting%20Order.pdf,Seniority List of Establishment Officer as on 01.04.2023
https://dte.rajasthan.gov.in/assets/docs/Emp_Crnr/Sr_list/Asst%20Admin%20Officer_merged.pdf,Seniority List of Assistant Administrative Officer as on 01.04.2022
https://dte.rajasthan.gov.in/assets/docs/Emp_Crnr/Sr_list/JA_001.pdf,Seniority List of Junior Assistant as on 01.04.2022
https://dte.rajasthan.gov.in/assets/docs/Emp_Crnr/Sr_list/Fourth%20Class%20New%20.pdf,Seniority List of Class IV (Non-TSP) as on 01.04.2022
https://dte.rajasthan.gov.in/assets/docs/Emp_Crnr/Sr_list/Sr.List%20of%20Class%20IV%20(TSP).PDF,Seniority List of Class IV (TSP) as on 01.04.2022
https://dte.rajasthan.gov.in/assets/docs/Emp_Crnr/Sr_list/Senior%20Assistant%20Final.pdf,Seniority List of Senior Assistant as on 01.04.2022
"https://dte.rajasthan.gov.in/assets/docs/Emp_Crnr/Sr_list/Principal, Joint Director.pdf",Seniority List of Principal/Joint Director as on 01.04.2022
https://dte.rajasthan.gov.in/assets/docs/Emp_Crnr/Sr_list/Stenographer%20.pdf,Seniority List of Stenographer as on 01.04.2022
https://dte.rajasthan.gov.in/assets/docs/Emp_Crnr/Sr_list/Lab%20Assistant.pdf,Seniority List of Lab Assistant as on 01.04.2022
https://dte.rajasthan.gov.in/assets/docs/Emp_Crnr/Sr_list/personal%20Assistant%20.pdf,Seniority List of Personal Assistant as on 01.04.2022
https://dte.rajasthan.gov.in/assets/docs/Emp_Crnr/Sr_list/Drivers.pdf,Seniority List of Drivers as on 01.04.2022
https://dte.rajasthan.gov.in/assets/docs/Emp_Crnr/Sr_list/Add.adm.officer.pdf,Seniority List of Additional Administrative Officer as on 01.04.2022
https://dte.rajasthan.gov.in/assets/docs/Emp_Crnr/Sr_list/Admin.officer.pdf,Seniority List of Administrative Officer as on 01.04.2022
https://dte.rajasthan.gov.in/assets/docs/Emp_Crnr/Sr_list/estab%20officer.pdf,Seniority List of A Establishment Officer as on 01.04.2022
https://dte.rajasthan.gov.in/assets/docs/Emp_Crnr/Sr_list/draftsman.pdf,Seniority List of Draftsman as on 01.04.2022
https://dte.rajasthan.gov.in/assets/docs/Emp_Crnr/Sr_list/Sr_List_JDT260721.pdf,Seniority List of Principal/ Joint Director as on 26.07.2021
https://dte.rajasthan.gov.in/assets/docs/Emp_Crnr/Sr_list/Sr_List_JDT050721.pdf,Seniority List of Principal/ Joint Director as on 05.07.2021
https://dte.rajasthan.gov.in/assets/docs/Emp_Crnr/Sr_list/Sr_List_JDT140520.pdf,Seniority List of Principal/ Joint Director as on 01.04.2020
https://dte.rajasthan.gov.in/assets/docs/Emp_Crnr/Sr_list/APO.pdf,Seniority List of Additional Administrative Officer as on 09.04.2021
https://dte.rajasthan.gov.in/assets/docs/Emp_Crnr/Sr_list/AAO.pdf,Seniority List of Assistant Administrative officer  as on 09.04.2021
https://dte.rajasthan.gov.in/assets/docs/Emp_Crnr/Sr_list/Sr.%20asst..pdf,Seniority List of Senior Assistant as on 09.04.2021
https://dte.rajasthan.gov.in/assets/docs/Emp_Crnr/Sr_list/Ju.%20asst..pdf,Seniority List of Junior Assistant as on 09.04.2021
https://dte.rajasthan.gov.in/assets/docs/Emp_Crnr/Sr_list/Draft%20Man.pdf,Seniority List of Draftsman as on 07.04.2021
https://dte.rajasthan.gov.in/assets/docs/Emp_Crnr/Sr_list/Personal%20Asst..pdf,Seniority List of Personal Assistant  as on 07.04.2021
https://dte.rajasthan.gov.in/assets/docs/Emp_Crnr/Sr_list/Stenographer.pdf,Seniority List of Stenographer as on 07.04.2021
https://dte.rajasthan.gov.in/assets/docs/Emp_Crnr/Sr_list/Lab.%20Asst..pdf,Seniority List of Lab Assistant   as on 07.04.2021
https://dte.rajasthan.gov.in/assets/docs/Emp_Crnr/Sr_list/Driver.pdf,Seniority List of Driver  as on 07.04.2021
https://dte.rajasthan.gov.in/assets/docs/Emp_Crnr/Posting_order/Math(Lec).pdf,Posting Order of Lect. (Maths)
https://dte.rajasthan.gov.in/assets/docs/Emp_Crnr/Posting_order/Posting%20Civil%20Lec.pdf,Posting Order of Lect. Civil Engg.
https://dte.rajasthan.gov.in/assets/docs/Emp_Crnr/Posting_order/appointment%20order%20of%20Lectt%20Mechanical%20against%20non%20joiners.pdf,Posting Order of Lect. Mechanical Engg. against non joiners
https://dte.rajasthan.gov.in/assets/docs/Emp_Crnr/Posting_order/appointment%20order%20of%20Lectt.%20Electrical%20engg.%20against%20non%20joiners.pdf,Posting Order of Lect. Electrical Engg. against non joiners
https://dte.rajasthan.gov.in/assets/docs/Emp_Crnr/Posting_order/Senior%20Asst.%20Posting%20Order.pdf,Posting Order of Senior Assistant
https://dte.rajasthan.gov.in/assets/docs/Emp_Crnr/Posting_order/appointment%20order%20of%20Lecturer%20Mathmatics.pdf,Posting Order of  Lecturer (Mathematics)
https://dte.rajasthan.gov.in/assets/docs/Emp_Crnr/Posting_order/AAO%20Amendment.pdf,Posting Order of  Assistant Administrative Officer (2021-22)
https://dte.rajasthan.gov.in/assets/docs/Emp_Crnr/Posting_order/AAO.pdf,Posting Order of  Assistant Administrative Officer (2021-22)
https://dte.rajasthan.gov.in/assets/docs/Emp_Crnr/Posting_order/appointment%20order%20Civil%20engg.-1-4.pdf,Posting Order of  Lecturer (Civil)
https://dte.rajasthan.gov.in/assets/docs/Emp_Crnr/Posting_order/Posting%20Order%20(Mech.%20Lec.).pdf,Posting Order of  Lecturer (Mechanical)
https://dte.rajasthan.gov.in/assets/docs/Emp_Crnr/Posting_order/appointment order Lecturer Chemistry.pdf,Posting Order of  Lecturer (Chemistry)
https://dte.rajasthan.gov.in/assets/docs/Emp_Crnr/Posting_order/appointment order Lecturer Electrical engg_.pdf,Posting Order of  Lecturer (Electrical)
https://dte.rajasthan.gov.in/assets/docs/Emp_Crnr/Posting_order/appointment order Lecturer Mechanical Engg_.pdf,Posting Order of  Lecturer (Mechanical)
https://dte.rajasthan.gov.in/assets/docs/Emp_Crnr/Appointment%20order%20of%20%20Prachi%20Saxena.pdf,Posting Order of  Lecturer (Civil)
https://dte.rajasthan.gov.in/assets/docs/Emp_Crnr/appointment%20order%20Lecturer%20phsysics.pdf,Posting Order of  Lecturer (Physics)
https://dte.rajasthan.gov.in/assets/docs/Emp_Crnr/appointment%20order%20of%20Lecturer%20English.pdf,Posting Order of Lecturer (English)
https://dte.rajasthan.gov.in/assets/docs/Emp_Crnr/Posting_order/Posting_EL_jan2020.pdf,Electrical Engg. Lecturer Posting Order
https://dte.rajasthan.gov.in/assets/docs/Emp_Crnr/Posting_order/Posting_112019.pdf,Lecturer Mech. Engg. Posting Order
https://dte.rajasthan.gov.in/assets/docs/Emp_Crnr/Posting_order/Cancle_order_sep2019.pdf,Cancelation of Posting Order Lecturer Mech. Engg.
https://dte.rajasthan.gov.in/assets/docs/Emp_Crnr/Posting_order/Jyoti_order.pdf,Posting Order of Ms. Jyoti Jeengar
https://dte.rajasthan.gov.in/assets/docs/Emp_Crnr/Retirement/Retirement%20Order%202024.pdf,Retirement Order
https://dte.rajasthan.gov.in/assets/docs/Emp_Crnr/Retirement/Retirement%202023.pdf,Retirement Order
https://dte.rajasthan.gov.in/assets/docs/Emp_Crnr/Promotion/provisional%20Sen.%20Asst.pdf,Provisional Promotion Order of Senior Assistant  2021-22
https://dte.rajasthan.gov.in/assets/docs/Emp_Crnr/Promotion/AAO.pdf,Promotion Order of Assistant Administrative 2021-22
https://dte.rajasthan.gov.in/assets/docs/Emp_Crnr/2024 Civil List.pdf,Civil List 2024
https://dte.rajasthan.gov.in/assets/docs/Emp_Crnr/Civil%20List%201-4-2021.pdf,Civil List 2021
https://dte.rajasthan.gov.in/assets/docs/Emp_Crnr/Civil_list2019.pdf,Civil List 2019
https://dte.rajasthan.gov.in/assets/docs/Emp_Crnr/vigypti.pdf,Vigyapti for the Deficiencies
https://dte.rajasthan.gov.in/assets/docs/Emp_Crnr/Lab%20Attendant.pdf,Deficiencies: Direct Recruitment for the Lab Attendant in GPC Bharatpur
https://dte.rajasthan.gov.in/assets/docs/Emp_Crnr/fourth%20class.pdf,Deficiencies: Direct Recruitment for the Forth Class in GPC Bharatpur
https://dte.rajasthan.gov.in/assets/docs/Emp_Crnr/Recruitment%20of%20IV%20Class%20&%20Lab%20Attandent%20for%20GPC%20Jaipur.pdf,Recruitment of Fourth Class & Lab Attandent for GPC Jaipur
https://dte.rajasthan.gov.in/assets/docs/Emp_Crnr/Recruitment%20of%20IV%20Class%20&%20Lab%20Attendent%20for%20GPC%20Bharatpur.pdf,Recruitment of Fourth Class & Lab Attendent for GPC Bharatpur
